<?xml version="1.0" encoding="UTF-8" standalone="yes"?>
<addon id="plugin.video.GameDay"
       name="GameDay"
       version="0.2"
       provider-name="podgod">
  <requires>
    <import addon="xbmc.python" version="2.1.0"/>
    <import addon="script.module.beautifulsoup" version="3.2.1"/>
    <import addon="script.module.simple.downloader" version="0.9.4"/>
    <import addon="script.module.beautifulsoup4" />
    <import addon="script.module.simple.downloader" version="0.9.4"/>
    <import addon="script.module.requests" />
    <import addon="script.module.httplib2" />
    <import addon="script.module.youtube.dl" optional="true"/>
    <import addon="plugin.video.youtube" />
    <import addon="script.module.urlresolver" optional="true"/>
    <import addon="script.module.simplejson" />    
  </requires>
  <extension point="xbmc.python.pluginsource" library="default.py">
    <provides>video</provides>
  </extension>
  <extension point="xbmc.addon.metadata">
    <summary>This addon is dead. DO NOT INSTALL</summary>
    <description>
	I tested this for the preseason, and it worked great. Yesterday, everything changed. [B]This addon is now dead![/B] I will be removing this from the repo soon. IPTV sucks sometimes! Sorry I wasted your time, [B]please uninstall.[/B]
        
    </description>
    <platform>all</platform>
  </extension>
</addon>
