<?xml version="1.0" encoding="UTF-8" standalone="yes"?>
<addon id="plugin.video.CanTVLive" name="CanTVLive" version="2.0.1" provider-name="podgod">
  <requires>
    <import addon="xbmc.python" version="2.1.0" />
	<import addon="script.module.beautifulsoup" version="3.2.1"/>
	<import addon="script.module.simple.downloader" version="0.9.4"/>
	<import addon="script.module.beautifulsoup4"/>
	<import addon="script.module.simple.downloader" version="0.9.4"/>
	<import addon="script.module.requests"/>
	<import addon="script.module.httplib2"/>
	<import addon="script.module.youtube.dl" optional="true"/>
	<import addon="plugin.video.youtube"/>
	<import addon="script.module.urlresolver" optional="true"/>
	<import addon="script.module.simplejson"/>
  </requires>
  <extension point="xbmc.python.pluginsource" library="default.py">
	<provides>video</provides>
  </extension>
  <extension point="xbmc.python.pluginsource"
            library="default.py">
        <provides>video</provides>
  </extension>
  <extension point="xbmc.addon.metadata">
    <platform>all</platform>
    <summary>Live Canadian TV channels</summary>
    <description>Live Canadian TV channels all in one place. General disclaimer: These are just random feeds found on the net. Like all things internet, links go up and down. Also, some channels do not broadcast 24/7. I take no responsibility for the content or reliability of the feeds. Enjoy while you can. [B]Filmon.TV[/B] addon from kinkin required for CTV channels.</description>
  </extension>
</addon>
