<?xml version="1.0" encoding="UTF-8" standalone="yes"?>
<addon id="plugin.video.heynow"
	name="Howard Stern"
	version="1.8.3"
	provider-name="podgod">
  <requires>
    <import addon="xbmc.python" version="2.1.0"/>
    <import addon="script.module.xbmcswift2" version="2.4.0"/>
    <import addon="plugin.video.youtube" version="5.1.5"/>
  </requires>
  <extension point="xbmc.python.pluginsource" library="addon.py">
    <provides>video</provides>
  </extension>
  <extension point="xbmc.addon.metadata">
    <summary lang="en">The Howard Stern Show</summary>
    <description lang="en">Catch up with the King Of All Media.</description>
    <platform>all</platform>
  </extension>
</addon>

